Product,Month,Quantity,Revenue,Cost_Price,Selling_Price
Rice (kg),2025-07,180,15120,28,38
Rice (kg),2025-08,135,11340,65,95
Rice (kg),2025-09,109,9156,43,79
Rice (kg),2025-10,111,9324,12,40
Rice (kg),2025-11,105,8820,38,46
Rice (kg),2025-12,183,15372,31,56
Wheat (kg),2025-07,115,3105,55,85
Wheat (kg),2025-08,69,1863,37,71
Wheat (kg),2025-09,140,3780,46,58
Wheat (kg),2025-10,191,5157,21,59
Wheat (kg),2025-11,88,2376,49,66
Wheat (kg),2025-12,160,4320,71,101
Sugar (kg),2025-07,122,5856,60,93
Sugar (kg),2025-08,183,8784,74,108
Sugar (kg),2025-09,136,6528,71,96
Sugar (kg),2025-10,98,4704,41,75
Sugar (kg),2025-11,61,2928,69,103
Sugar (kg),2025-12,167,8016,47,66
Salt (kg),2025-07,73,1825,40,68
Salt (kg),2025-08,54,1350,17,48
Salt (kg),2025-09,113,2825,80,111
Salt (kg),2025-10,59,1475,42,82
Salt (kg),2025-11,76,1900,55,80
Salt (kg),2025-12,60,1500,69,88
Cooking Oil (L),2025-07,166,8632,62,70
Cooking Oil (L),2025-08,97,5044,80,109
Cooking Oil (L),2025-09,141,7332,79,113
Cooking Oil (L),2025-10,188,9776,38,48
Cooking Oil (L),2025-11,186,9672,62,69
Cooking Oil (L),2025-12,187,9724,31,67
Milk (L),2025-07,149,13112,13,22
Milk (L),2025-08,73,6424,59,84
Milk (L),2025-09,187,16456,14,33
Milk (L),2025-10,145,12760,51,68
Milk (L),2025-11,98,8624,44,72
Milk (L),2025-12,91,8008,45,73
Curd (kg),2025-07,178,6230,10,23
Curd (kg),2025-08,57,1995,70,89
Curd (kg),2025-09,160,5600,16,26
Curd (kg),2025-10,80,2800,79,107
Curd (kg),2025-11,96,3360,72,108
Curd (kg),2025-12,129,4515,46,72
Butter (pack),2025-07,200,8800,18,34
Butter (pack),2025-08,121,5324,13,32
Butter (pack),2025-09,153,6732,25,56
Butter (pack),2025-10,84,3696,51,86
Butter (pack),2025-11,169,7436,42,63
Butter (pack),2025-12,134,5896,49,61
Ghee (L),2025-07,109,10900,43,77
Ghee (L),2025-08,165,16500,63,89
Ghee (L),2025-09,64,6400,12,44
Ghee (L),2025-10,79,7900,47,56
Ghee (L),2025-11,175,17500,33,68
Ghee (L),2025-12,160,16000,10,45
Paneer (kg),2025-07,126,10458,74,97
Paneer (kg),2025-08,182,15106,67,99
Paneer (kg),2025-09,193,16019,49,55
Paneer (kg),2025-10,174,14442,49,81
Paneer (kg),2025-11,178,14774,52,80
Paneer (kg),2025-12,195,16185,75,98
Eggs (dozen),2025-07,57,3135,40,67
Eggs (dozen),2025-08,123,6765,28,65
Eggs (dozen),2025-09,173,9515,75,99
Eggs (dozen),2025-10,113,6215,32,54
Eggs (dozen),2025-11,174,9570,46,62
Eggs (dozen),2025-12,145,7975,73,86
Bread (pack),2025-07,84,3276,41,75
Bread (pack),2025-08,105,4095,50,81
Bread (pack),2025-09,138,5382,38,67
Bread (pack),2025-10,119,4641,37,54
Bread (pack),2025-11,72,2808,55,91
Bread (pack),2025-12,74,2886,55,66
Biscuits (pack),2025-07,61,2318,39,72
Biscuits (pack),2025-08,150,5700,42,57
Biscuits (pack),2025-09,88,3344,48,86
Biscuits (pack),2025-10,71,2698,35,73
Biscuits (pack),2025-11,191,7258,52,70
Biscuits (pack),2025-12,86,3268,67,97
Noodles (pack),2025-07,137,12878,73,91
Noodles (pack),2025-08,80,7520,10,29
Noodles (pack),2025-09,140,13160,45,73
Noodles (pack),2025-10,134,12596,68,84
Noodles (pack),2025-11,74,6956,78,89
Noodles (pack),2025-12,63,5922,69,106
Pasta (pack),2025-07,120,2520,27,54
Pasta (pack),2025-08,156,3276,43,83
Pasta (pack),2025-09,125,2625,49,68
Pasta (pack),2025-10,173,3633,25,48
Pasta (pack),2025-11,117,2457,46,54
Pasta (pack),2025-12,124,2604,62,88
Tea Powder (g),2025-07,91,1820,30,59
Tea Powder (g),2025-08,98,1960,72,83
Tea Powder (g),2025-09,68,1360,23,56
Tea Powder (g),2025-10,174,3480,73,100
Tea Powder (g),2025-11,169,3380,61,95
Tea Powder (g),2025-12,92,1840,36,51
Coffee Powder (g),2025-07,89,1958,69,76
Coffee Powder (g),2025-08,196,4312,12,50
Coffee Powder (g),2025-09,110,2420,13,42
Coffee Powder (g),2025-10,97,2134,42,81
Coffee Powder (g),2025-11,54,1188,57,72
Coffee Powder (g),2025-12,159,3498,13,50
Tomato (kg),2025-07,52,3068,16,40
Tomato (kg),2025-08,198,11682,33,61
Tomato (kg),2025-09,82,4838,52,86
Tomato (kg),2025-10,106,6254,53,83
Tomato (kg),2025-11,128,7552,79,98
Tomato (kg),2025-12,79,4661,49,72
Onion (kg),2025-07,184,17480,74,88
Onion (kg),2025-08,96,9120,24,58
Onion (kg),2025-09,120,11400,67,98
Onion (kg),2025-10,170,16150,49,79
Onion (kg),2025-11,115,10925,47,52
Onion (kg),2025-12,133,12635,45,54
Potato (kg),2025-07,116,9164,77,104
Potato (kg),2025-08,97,7663,13,26
Potato (kg),2025-09,153,12087,19,42
Potato (kg),2025-10,77,6083,65,78
Potato (kg),2025-11,146,11534,24,42
Potato (kg),2025-12,128,10112,69,109
Apple (kg),2025-07,104,3224,45,63
Apple (kg),2025-08,127,3937,52,71
Apple (kg),2025-09,96,2976,54,90
Apple (kg),2025-10,199,6169,26,49
Apple (kg),2025-11,126,3906,63,86
Apple (kg),2025-12,129,3999,42,72
Banana (dozen),2025-07,68,2380,23,29
Banana (dozen),2025-08,167,5845,51,85
Banana (dozen),2025-09,140,4900,12,31
Banana (dozen),2025-10,189,6615,47,65
Banana (dozen),2025-11,137,4795,19,38
Banana (dozen),2025-12,183,6405,57,87
Orange (kg),2025-07,193,7141,19,25
Orange (kg),2025-08,172,6364,15,33
Orange (kg),2025-09,124,4588,19,58
Orange (kg),2025-10,194,7178,45,73
Orange (kg),2025-11,146,5402,16,29
Orange (kg),2025-12,76,2812,14,50
Mango (kg),2025-07,52,3484,27,32
Mango (kg),2025-08,128,8576,35,68
Mango (kg),2025-09,181,12127,41,61
Mango (kg),2025-10,177,11859,19,34
Mango (kg),2025-11,82,5494,23,63
Mango (kg),2025-12,176,11792,20,55
Soap (pack),2025-07,131,10873,19,38
Soap (pack),2025-08,86,7138,79,84
Soap (pack),2025-09,131,10873,53,66
Soap (pack),2025-10,134,11122,74,89
Soap (pack),2025-11,53,4399,24,45
Soap (pack),2025-12,142,11786,26,44
Shampoo (bottle),2025-07,180,11880,26,56
Shampoo (bottle),2025-08,118,7788,72,108
Shampoo (bottle),2025-09,110,7260,78,95
Shampoo (bottle),2025-10,186,12276,27,35
Shampoo (bottle),2025-11,92,6072,73,95
Shampoo (bottle),2025-12,69,4554,44,70
Toothpaste (tube),2025-07,93,8742,19,33
Toothpaste (tube),2025-08,189,17766,32,65
Toothpaste (tube),2025-09,116,10904,32,42
Toothpaste (tube),2025-10,162,15228,34,41
Toothpaste (tube),2025-11,66,6204,22,33
Toothpaste (tube),2025-12,109,10246,40,51
Detergent (kg),2025-07,181,12670,61,74
Detergent (kg),2025-08,174,12180,76,83
Detergent (kg),2025-09,71,4970,21,57
Detergent (kg),2025-10,135,9450,71,100
Detergent (kg),2025-11,133,9310,70,80
Detergent (kg),2025-12,178,12460,80,97
Handwash (bottle),2025-07,110,11000,72,93
Handwash (bottle),2025-08,142,14200,41,64
Handwash (bottle),2025-09,78,7800,25,65
Handwash (bottle),2025-10,109,10900,44,80
Handwash (bottle),2025-11,74,7400,33,48
Handwash (bottle),2025-12,93,9300,47,72
Sanitizer (bottle),2025-07,200,14600,48,58
Sanitizer (bottle),2025-08,60,4380,27,53
Sanitizer (bottle),2025-09,163,11899,55,65
Sanitizer (bottle),2025-10,141,10293,67,85
Sanitizer (bottle),2025-11,90,6570,32,44
Sanitizer (bottle),2025-12,169,12337,27,48
